{"continous": {"income_2011": {"mean": {"treated": 31461, "control": 25916}, "var": {"treated": 502472688, "control": 376526842}, "pval": 5.44409517229435e-08, "statistic": -5.479291118793351}, "CVC_HOURS_WK_YR_ALL_2011": {"mean": {"treated": 1868, "control": 1783}, "var": {"treated": 858812, "control": 863515}, "pval": 0.036013041363767206, "statistic": -2.0991598976193298}}, "categorial": {"CV_HIGHEST_DEGREE_2011": {"counts": {"treated": {"2": 437, "4": 159, "1": 110, "3": 76, "-1": 62, "5": 24, "7": 2, "6": 1}, "control": {"2": 1453, "-1": 557, "1": 489, "4": 233, "3": 133, "5": 32, "7": 4, "6": 1}}, "precentage": {"treated": {"2": 50, "4": 18, "1": 13, "3": 9, "-1": 7, "5": 3, "7": 0, "6": 0}, "control": {"2": 50, "-1": 19, "1": 17, "4": 8, "3": 5, "5": 1, "7": 0, "6": 0}}, "pval": 0.9999999397347724, "statistic": 0.03502282315725358}, "ENROLLSTAT_2011": {"counts": {"treated": {"4": 235, "6": 137, "3": 136, "2": 75, "5": 63, "10": 57, "9": 52, "1": 50, "7": 33, "11": 24, "-1": 6, "8": 3}, "control": {"3": 743, "4": 672, "1": 476, "2": 400, "6": 219, "5": 131, "9": 98, "10": 61, "7": 41, "8": 25, "-1": 20, "11": 16}}, "precentage": {"treated": {"4": 27, "6": 16, "3": 16, "2": 9, "5": 7, "10": 7, "9": 6, "1": 6, "7": 4, "11": 3, "-1": 1, "8": 0}, "control": {"3": 26, "4": 23, "1": 16, "2": 14, "6": 8, "5": 5, "9": 3, "10": 2, "7": 1, "8": 1, "-1": 1, "11": 1}}, "pval": 0.9999999986973316, "statistic": 0.13716877442205047}, "CV_HH_SIZE_2011": {"counts": {"treated": {"2": 228, "3": 203, "4": 161, "5": 101, "1": 96, "6": 41, "7": 20, "8": 12, "9": 4, "10": 3, "11": 1, "12": 1}, "control": {"3": 640, "4": 633, "2": 535, "5": 412, "1": 334, "6": 180, "7": 101, "8": 36, "9": 21, "10": 5, "12": 2, "13": 1, "15": 1, "11": 1}}, "precentage": {"treated": {"2": 26, "3": 23, "4": 18, "5": 12, "1": 11, "6": 5, "7": 2, "8": 1, "9": 0, "10": 0, "11": 0, "12": 0, "13": 0, "15": 0}, "control": {"3": 22, "4": 22, "2": 18, "5": 14, "1": 12, "6": 6, "7": 3, "8": 1, "9": 1, "10": 0, "12": 0, "13": 0, "15": 0, "11": 0}}, "pval": 1.0, "statistic": 0.01369857799395956}, "marital_status_2011": {"counts": {"treated": {"2": 336, "3": 285, "1": 147, "8": 46, "7": 19, "6": 18, "4": 13, "-1": 4, "5": 2, "10": 1}, "control": {"2": 1184, "3": 868, "1": 514, "8": 122, "4": 76, "7": 75, "6": 31, "5": 15, "-1": 9, "10": 5, "9": 3}}, "precentage": {"treated": {"2": 39, "3": 33, "1": 17, "8": 5, "7": 2, "6": 2, "4": 1, "-1": 0, "5": 0, "10": 0, "9": 0}, "control": {"2": 41, "3": 30, "1": 18, "8": 4, "4": 3, "7": 3, "6": 1, "5": 1, "-1": 0, "10": 0, "9": 0}}, "pval": 0.9999999999999974, "statistic": 0.006290197096169933}, "BIO_CHILD_HH_2011": {"counts": {"treated": {"-1": 458, "1": 176, "2": 155, "3": 64, "4": 12, "5": 6}, "control": {"-1": 1310, "1": 593, "2": 554, "3": 291, "4": 109, "5": 33, "6": 8, "7": 3, "8": 1}}, "precentage": {"treated": {"-1": 53, "1": 20, "2": 18, "3": 7, "4": 1, "5": 1, "6": 0, "7": 0, "8": 0}, "control": {"-1": 45, "1": 20, "2": 19, "3": 10, "4": 4, "5": 1, "6": 0, "7": 0, "8": 0}}, "pval": 0.9999999987253376, "statistic": 0.026520586222220793}, "URBAN-RURAL_2011": {"counts": {"treated": {"1": 696, "-1": 173, "2": 2}, "control": {"1": 2158, "-1": 718, "2": 26}}, "precentage": {"treated": {"1": 80, "-1": 20, "2": 0}, "control": {"1": 74, "-1": 25, "2": 1}}, "pval": 0.9825686161995181, "statistic": 0.035170198612590936}, "health_2011": {"counts": {"treated": {"2": 313, "3": 271, "1": 184, "4": 89, "5": 13, "-1": 1}, "control": {"3": 953, "2": 924, "1": 572, "4": 405, "5": 47, "-1": 1}}, "precentage": {"treated": {"2": 36, "3": 31, "1": 21, "4": 10, "5": 1, "-1": 0}, "control": {"3": 33, "2": 32, "1": 20, "4": 14, "5": 2, "-1": 0}}, "pval": 0.9999976617306807, "statistic": 0.01812769759147796}, "gender": {"counts": {"treated": {"2": 459, "1": 412}, "control": {"1": 1508, "2": 1394}}, "precentage": {"treated": {"2": 53, "1": 47}, "control": {"1": 52, "2": 48}}, "pval": 0.988272215489774, "statistic": 0.00021606434735420825}}}