{"continous": {"income_2010": {"mean": {"treated": 29302, "control": 25049}, "var": {"treated": 391129549, "control": 361818009}, "pval": 2.5034008370051766e-06, "statistic": -4.732887781322325}, "CVC_HOURS_WK_YR_ALL_2010": {"mean": {"treated": 1811, "control": 1765}, "var": {"treated": 740688, "control": 913133}, "pval": 0.21979137461686377, "statistic": -1.2276432823793033}}, "categorial": {"ENROLLSTAT_2010": {"counts": {"treated": {"4": 238, "3": 142, "6": 132, "5": 71, "1": 66, "9": 65, "10": 60, "2": 59, "11": 39, "7": 28, "8": 9, "-1": 7}, "control": {"3": 785, "4": 684, "1": 494, "2": 405, "6": 214, "5": 122, "9": 104, "10": 77, "7": 39, "11": 28, "-1": 21, "8": 20}}, "precentage": {"treated": {"4": 26, "3": 16, "6": 14, "5": 8, "1": 7, "9": 7, "10": 7, "2": 6, "11": 4, "7": 3, "8": 1, "-1": 1}, "control": {"3": 26, "4": 23, "1": 17, "2": 14, "6": 7, "5": 4, "9": 3, "10": 3, "7": 1, "11": 1, "-1": 1, "8": 1}}, "pval": 0.9999999961146475, "statistic": 0.1677120621758481}, "CV_HH_SIZE_2010": {"counts": {"treated": {"3": 236, "2": 225, "4": 186, "5": 95, "1": 93, "6": 45, "7": 20, "8": 7, "9": 6, "10": 2, "11": 1}, "control": {"3": 678, "4": 644, "2": 584, "5": 389, "1": 339, "6": 175, "7": 101, "8": 39, "9": 23, "10": 11, "12": 4, "15": 2, "11": 2, "14": 1, "16": 1}}, "precentage": {"treated": {"3": 26, "2": 25, "4": 20, "5": 10, "1": 10, "6": 5, "7": 2, "8": 1, "9": 1, "10": 0, "11": 0, "12": 0, "15": 0, "14": 0, "16": 0}, "control": {"3": 23, "4": 22, "2": 20, "5": 13, "1": 11, "6": 6, "7": 3, "8": 1, "9": 1, "10": 0, "12": 0, "15": 0, "11": 0, "14": 0, "16": 0}}, "pval": 1.0, "statistic": 0.015031594532268724}, "CV_HIGHEST_DEGREE_2010": {"counts": {"treated": {"2": 441, "4": 170, "1": 99, "3": 88, "-1": 84, "5": 26, "7": 8}, "control": {"2": 1496, "-1": 545, "1": 511, "4": 247, "3": 154, "5": 35, "7": 4, "6": 1}}, "precentage": {"treated": {"2": 48, "4": 19, "1": 11, "3": 10, "-1": 9, "5": 3, "7": 1, "6": 0}, "control": {"2": 50, "-1": 18, "1": 17, "4": 8, "3": 5, "5": 1, "7": 0, "6": 0}}, "pval": 0.9999999081860221, "statistic": 0.03951923543411727}, "marital_status_2010": {"counts": {"treated": {"2": 406, "3": 279, "1": 145, "7": 29, "8": 24, "4": 20, "6": 9, "-1": 3, "5": 1}, "control": {"2": 1264, "3": 849, "1": 559, "8": 123, "4": 77, "7": 68, "6": 29, "5": 12, "10": 6, "-1": 4, "9": 2}}, "precentage": {"treated": {"2": 44, "3": 30, "1": 16, "7": 3, "8": 3, "4": 2, "6": 1, "-1": 0, "5": 0, "10": 0, "9": 0}, "control": {"2": 42, "3": 28, "1": 19, "8": 4, "4": 3, "7": 2, "6": 1, "5": 0, "10": 0, "-1": 0, "9": 0}}, "pval": 0.999999999999995, "statistic": 0.007193491001841829}, "BIO_CHILD_HH_2010": {"counts": {"treated": {"-1": 496, "1": 190, "2": 146, "3": 56, "4": 23, "5": 3, "6": 2}, "control": {"-1": 1430, "1": 622, "2": 535, "3": 274, "4": 88, "5": 34, "6": 8, "7": 1, "8": 1}}, "precentage": {"treated": {"-1": 54, "1": 21, "2": 16, "3": 6, "4": 3, "5": 0, "6": 0, "7": 0, "8": 0}, "control": {"-1": 48, "1": 21, "2": 18, "3": 9, "4": 3, "5": 1, "6": 0, "7": 0, "8": 0}}, "pval": 0.9999999998002511, "statistic": 0.016669698741957166}, "URBAN-RURAL_2010": {"counts": {"treated": {"1": 720, "-1": 188, "2": 8}, "control": {"1": 2262, "-1": 699, "2": 32}}, "precentage": {"treated": {"1": 79, "-1": 21, "2": 1}, "control": {"1": 76, "-1": 23, "2": 1}}, "pval": 0.9972499741140894, "statistic": 0.005507628307828983}, "health_2010": {"counts": {"treated": {"2": 327, "3": 246, "1": 234, "4": 96, "5": 13}, "control": {"3": 977, "2": 940, "1": 633, "4": 389, "5": 54}}, "precentage": {"treated": {"2": 36, "3": 27, "1": 26, "4": 10, "5": 1}, "control": {"3": 33, "2": 31, "1": 21, "4": 13, "5": 2}}, "pval": 0.9999226394681924, "statistic": 0.024981123662519658}, "gender": {"counts": {"treated": {"2": 462, "1": 454}, "control": {"1": 1558, "2": 1435}}, "precentage": {"treated": {"2": 50, "1": 50}, "control": {"1": 52, "2": 48}}, "pval": 0.9741821698014993, "statistic": 0.0010473961492534112}}}